{"cameraMode":{"drawMode":0,"name":"Shaded","section":"Shading Mode"},"sceneLighting":true,"audioPlay":false,"sceneViewState":{"showFog":false,"showMaterialUpdate":false,"showSkybox":false,"showFlares":false,"showImageEffects":false,"showParticleSystems":false},"in2DMode":false,"pivot":{"x":-0.15043854713439942,"y":2.1810033321380617,"z":-0.01849651336669922},"rotation":{"x":-0.10660631209611893,"y":0.0020853225141763689,"z":-0.00022333300148602575,"w":-0.9942991733551025},"size":8.1612548828125,"orthographic":false}